customer_id,name,country,created_date
1,Rowan Davis,UK,2019-05-16
2,Hayden Johnson,Australia,2022-09-29
3,Sam Rao,France,2021-07-03
4,Drew Singh,France,2023-09-10
5,Jamie Gupta,Canada,2023-05-30
6,Morgan Singh,UK,2024-03-28
7,Drew Singh,Australia,2021-02-15
8,Skyler Joshi,Australia,2022-10-24
9,Rowan Wilson,France,2024-03-30
10,Alex Wilson,Canada,2020-12-31
11,Alex Iyer,UK,2021-06-19
12,Parker Johnson,USA,2020-01-14
13,Casey Lopez,Canada,2022-06-30
14,Jordan Gupta,Canada,2018-05-06
15,Jordan Miller,India,2022-03-21
16,Hayden Jones,UK,2019-10-07
17,Drew Rao,Canada,2021-08-21
18,Skyler Wilson,USA,2018-08-04
19,Casey Iyer,Australia,2018-07-23
20,Jordan Nair,Germany,2022-10-03
21,Elliot Wilson,Germany,2022-08-24
22,Avery Mehta,Australia,2023-09-30
23,Taylor Johnson,Germany,2019-03-31
24,Quinn Lopez,Germany,2023-11-29
25,Quinn Shah,India,2022-06-07
26,Robin Shah,USA,2020-04-17
27,Quinn Mehta,Australia,2019-07-17
28,Avery Rao,UK,2019-05-07
29,Alex Garcia,Canada,2022-10-30
30,Riley Gupta,Germany,2023-12-22
31,Morgan Miller,France,2021-12-21
32,Jordan Williams,Australia,2018-06-23
33,Hayden Patel,Germany,2018-11-15
34,Parker Lopez,Germany,2024-06-06
35,Cameron Brown,UK,2019-04-17
36,Cameron Patel,UK,2019-12-05
37,Robin Jones,Australia,2022-01-22
38,Jordan Brown,Australia,2019-03-10
39,Morgan Brown,France,2022-06-29
40,Kai Kumar,Germany,2021-06-24
41,Parker Joshi,UK,2019-11-20
42,Jordan Miller,Canada,2019-04-13
43,Kai Miller,India,2021-12-02
44,Drew Gupta,India,2019-02-26
45,Casey Nair,India,2019-12-12
46,Robin Gupta,Australia,2018-11-05
47,Riley Garcia,Germany,2024-04-28
48,Skyler Jones,Canada,2024-05-01
49,Robin Smith,Australia,2021-07-18
50,Casey Jones,USA,2023-04-05
51,Reese Rao,Australia,2021-01-30
52,Skyler Shah,UK,2023-09-10
53,Jordan Rao,Germany,2023-01-26
54,Sam Shah,UK,2021-03-21
55,Jordan Kumar,France,2024-08-30
56,Kai Williams,Germany,2024-07-05
57,Rowan Shah,Germany,2024-05-30
58,Jamie Smith,France,2023-05-03
59,Kai Gupta,USA,2023-01-20
60,Taylor Smith,Canada,2018-12-12
61,Kai Iyer,USA,2020-10-11
62,Reese Jones,France,2023-11-12
63,Robin Iyer,UK,2022-03-08
64,Quinn Williams,Germany,2021-10-17
65,Robin Shah,Australia,2021-10-02
66,Jordan Smith,USA,2024-04-04
67,Cameron Rao,UK,2024-10-04
68,Casey Smith,USA,2024-07-14
69,Casey Johnson,UK,2022-05-25
70,Casey Wilson,Canada,2018-12-14
71,Quinn Davis,Germany,2021-09-07
72,Casey Miller,USA,2022-10-01
73,Kai Johnson,USA,2022-01-25
74,Quinn Iyer,India,2021-10-31
75,Elliot Mehta,India,2019-07-18
76,Casey Kumar,UK,2019-02-19
77,Kai Davis,Australia,2023-11-27
78,Sam Smith,Australia,2019-06-21
79,Robin Williams,India,2019-10-27
80,Riley Wilson,Australia,2019-11-10
81,Reese Shah,Germany,2022-02-01
82,Morgan Jones,France,2021-03-13
83,Reese Joshi,France,2020-09-06
84,Quinn Garcia,Australia,2020-03-05
85,Drew Lopez,Germany,2023-03-07
86,Quinn Williams,France,2023-12-01
87,Hayden Iyer,Australia,2020-03-28
88,Robin Gupta,Australia,2020-10-21
89,Sam Garcia,Australia,2022-03-01
90,Rowan Singh,Canada,2023-10-15
91,Taylor Rao,USA,2019-10-19
92,Avery Jones,France,2019-08-27
93,Hayden Kumar,India,2023-01-22
94,Drew Patel,Germany,2018-08-07
95,Cameron Miller,UK,2020-08-23
96,Cameron Kumar,UK,2020-07-08
97,Alex Smith,USA,2021-10-05
98,Casey Gupta,USA,2021-03-21
99,Elliot Gupta,Australia,2023-04-06
100,Reese Wilson,USA,2018-11-21
101,Alex Nair,India,2019-09-05
102,Rowan Wilson,France,2022-09-30
103,Taylor Rao,India,2021-05-18
104,Taylor Shah,India,2022-09-16
105,Robin Jones,USA,2019-03-31
106,Elliot Wilson,France,2018-03-09
107,Kai Lopez,India,2019-08-12
108,Quinn Brown,USA,2021-12-16
109,Morgan Lopez,Germany,2020-02-07
110,Jordan Miller,UK,2018-10-05
111,Kai Davis,France,2023-09-11
112,Rowan Patel,Germany,2023-04-10
113,Sam Williams,UK,2020-11-04
114,Alex Johnson,Australia,2018-10-04
115,Drew Joshi,Canada,2019-03-01
116,Skyler Smith,India,2018-07-01
117,Drew Davis,UK,2019-12-19
118,Reese Garcia,Canada,2020-01-17
119,Casey Kumar,Canada,2023-02-18
120,Sam Rao,India,2018-06-29
121,Jamie Shah,UK,2021-06-24
122,Kai Williams,Australia,2024-02-03
123,Elliot Nair,USA,2020-02-22
124,Quinn Johnson,Australia,2018-07-15
125,Parker Nair,USA,2022-02-16
126,Hayden Williams,Canada,2022-12-07
127,Cameron Smith,India,2023-07-26
128,Elliot Johnson,Australia,2023-10-28
129,Avery Kumar,Canada,2022-10-05
130,Jordan Brown,France,2020-01-10
131,Rowan Rao,UK,2019-02-25
132,Jordan Smith,Canada,2021-04-25
133,Quinn Jones,France,2022-10-12
134,Riley Jones,UK,2023-01-06
135,Sam Johnson,France,2022-11-17
136,Avery Shah,USA,2022-07-22
137,Drew Miller,Australia,2019-10-18
138,Alex Gupta,Australia,2024-10-24
139,Reese Shah,India,2018-10-03
140,Morgan Johnson,UK,2022-04-18
141,Skyler Shah,France,2019-09-21
142,Reese Johnson,UK,2022-12-24
143,Jordan Lopez,India,2023-12-09
144,Drew Williams,UK,2021-02-15
145,Morgan Singh,USA,2020-02-02
146,Elliot Miller,Germany,2024-04-19
147,Taylor Nair,Australia,2020-12-02
148,Reese Mehta,France,2021-03-15
149,Elliot Mehta,USA,2019-07-10
150,Jordan Jones,India,2022-12-29
